[
  {
    "section": "Oldi Studios",
    "disciplines": [
      {
        "discipline": "Mojang Studios Leadership",
        "titles": [
          {
            "title": "Studio Head of Mojang Studios",
            "names": ["Åsa Bredin"]
          },
          {
            "title": "Chief Operating Officer",
            "names": ["Annie Chenn"]
          },
          {
            "title": "Head of Growth Products & Partnerships",
            "names": ["Ada Duan"]
          }
        ]
      }
    ]
  }
]