{
	"format_version": "1.9.0",
	"credit": "Made with Blockbench",
	"parent": "block/block",
	"textures": {
		"0": "block/modern_fence",
		"particle": "block/modern_fence"
	},
	"elements": [
		{
			"from": [6.5, 0, 6.5],
			"to": [9.5, 16, 9.5],
			"rotation": {"angle": 0, "axis": "y", "origin": [8, 8, 8]},
			"faces": {
				"north": {"uv": [5.25, 1.25, 5.75, 1.75], "texture": "#0"},
				"east": {"uv": [2.25, 1.25, 2.75, 1.75], "texture": "#0"},
				"south": {"uv": [3.25, 1.25, 3.75, 1.75], "texture": "#0"},
				"west": {"uv": [4.25, 1.25, 4.75, 1.75], "texture": "#0"},
				"up": {"uv": [6.25, 1.25, 6.75, 1.75], "rotation": 90, "texture": "#0"},
				"down": {"uv": [7.25, 1.25, 7.75, 1.75], "rotation": 270, "texture": "#0"}
			}
		}
	],
	"display": {
		"thirdperson_righthand": {
			"translation": [0, 0.5, -0.25],
			"scale": [0.3, 0.3, 0.3]
		},
		"thirdperson_lefthand": {
			"translation": [0, 0.5, -0.25],
			"scale": [0.3, 0.3, 0.3]
		},
		"firstperson_righthand": {
			"translation": [-0.25, 0.5, 0],
			"scale": [0.7, 0.7, 0.7]
		},
		"firstperson_lefthand": {
			"translation": [-0.25, 0.5, 0],
			"scale": [0.7, 0.7, 0.7]
		},
		"ground": {
			"translation": [0, 2, 0],
			"scale": [0.5, 0.5, 0.5]
		},
		"gui": {
			"scale": [0.8, 0.8, 0.8]
		}
	},
	"groups": [
		{
			"name": "modern_fence",
			"origin": [8.5, 8, 14.5],
			"color": 0,
			"children": [0]
		}
	]
}