{
	"format_version": "1.9.0",
	"credit": "Made with Blockbench",
	"parent": "block/block",
	"textures": {
		"0": "block/modern_fence",
		"particle": "block/modern_fence"
	},
	"elements": [
		{
			"from": [0, 14, 7],
			"to": [16, 16, 9],
			"rotation": {"angle": 0, "axis": "y", "origin": [8, 15, 8]},
			"faces": {
				"north": {"uv": [2.25, 1.25, 2.75, 1.75], "texture": "#0"},
				"east": {"uv": [3.25, 1.25, 3.75, 1.75], "texture": "#0"},
				"south": {"uv": [4.25, 1.25, 4.75, 1.75], "texture": "#0"},
				"west": {"uv": [5.25, 1.25, 5.75, 1.75], "texture": "#0"},
				"up": {"uv": [6.25, 1.25, 6.75, 1.75], "texture": "#0"},
				"down": {"uv": [7.25, 1.25, 7.75, 1.75], "texture": "#0"}
			}
		},
		{
			"from": [0, 2, 7],
			"to": [2, 14, 9],
			"rotation": {"angle": 0, "axis": "z", "origin": [1, 8, 8]},
			"faces": {
				"north": {"uv": [2.25, 1.25, 2.75, 1.75], "rotation": 270, "texture": "#0"},
				"east": {"uv": [6.25, 1.25, 6.75, 1.75], "rotation": 90, "texture": "#0"},
				"south": {"uv": [4.25, 1.25, 4.75, 1.75], "rotation": 90, "texture": "#0"},
				"west": {"uv": [7.25, 1.25, 7.75, 1.75], "rotation": 90, "texture": "#0"},
				"up": {"uv": [5.25, 1.25, 5.75, 1.75], "rotation": 90, "texture": "#0"},
				"down": {"uv": [3.25, 1.25, 3.75, 1.75], "rotation": 90, "texture": "#0"}
			}
		},
		{
			"from": [14, 2, 7],
			"to": [16, 14, 9],
			"rotation": {"angle": 0, "axis": "z", "origin": [15, 8, 8]},
			"faces": {
				"north": {"uv": [2.25, 1.25, 2.75, 1.75], "rotation": 270, "texture": "#0"},
				"east": {"uv": [6.25, 1.25, 6.75, 1.75], "rotation": 90, "texture": "#0"},
				"south": {"uv": [4.25, 1.25, 4.75, 1.75], "rotation": 90, "texture": "#0"},
				"west": {"uv": [7.25, 1.25, 7.75, 1.75], "rotation": 90, "texture": "#0"},
				"up": {"uv": [5.25, 1.25, 5.75, 1.75], "rotation": 90, "texture": "#0"},
				"down": {"uv": [3.25, 1.25, 3.75, 1.75], "rotation": 90, "texture": "#0"}
			}
		},
		{
			"from": [0, 0, 7],
			"to": [16, 2, 9],
			"rotation": {"angle": 0, "axis": "y", "origin": [8, 1, 8]},
			"faces": {
				"north": {"uv": [2.25, 1.25, 2.75, 1.75], "texture": "#0"},
				"east": {"uv": [3.25, 1.25, 3.75, 1.75], "texture": "#0"},
				"south": {"uv": [4.25, 1.25, 4.75, 1.75], "texture": "#0"},
				"west": {"uv": [5.25, 1.25, 5.75, 1.75], "texture": "#0"},
				"up": {"uv": [6.25, 1.25, 6.75, 1.75], "texture": "#0"},
				"down": {"uv": [7.25, 1.25, 7.75, 1.75], "texture": "#0"}
			}
		},
		{
			"from": [-2, 7, 7],
			"to": [18, 9, 9],
			"rotation": {"angle": 45, "axis": "z", "origin": [8, 8, 8]},
			"faces": {
				"north": {"uv": [8.25, 1.25, 8.75, 1.75], "texture": "#0"},
				"east": {"uv": [9.25, 1.25, 9.75, 1.75], "texture": "#0"},
				"south": {"uv": [10.25, 1.25, 10.75, 1.75], "texture": "#0"},
				"west": {"uv": [11.25, 1.25, 11.75, 1.75], "texture": "#0"},
				"up": {"uv": [12.25, 1.25, 12.75, 1.75], "texture": "#0"},
				"down": {"uv": [13.25, 1.25, 13.75, 1.75], "texture": "#0"}
			}
		},
		{
			"from": [7, -2, 7],
			"to": [9, 18, 9],
			"rotation": {"angle": 45, "axis": "z", "origin": [8, 8, 8]},
			"faces": {
				"north": {"uv": [14.25, 1.25, 14.75, 1.75], "texture": "#0"},
				"east": {"uv": [15.25, 1.25, 15.75, 1.75], "texture": "#0"},
				"south": {"uv": [0.25, 2.25, 0.75, 2.75], "texture": "#0"},
				"west": {"uv": [1.25, 2.25, 1.75, 2.75], "texture": "#0"},
				"up": {"uv": [2.25, 2.25, 2.75, 2.75], "texture": "#0"},
				"down": {"uv": [3.25, 2.25, 3.75, 2.75], "texture": "#0"}
			}
		}
	],
	"display": {
		"thirdperson_righthand": {
			"translation": [0, 0.5, -0.25],
			"scale": [0.3, 0.3, 0.3]
		},
		"thirdperson_lefthand": {
			"translation": [0, 0.5, -0.25],
			"scale": [0.3, 0.3, 0.3]
		},
		"firstperson_righthand": {
			"translation": [-0.25, 0.5, 0],
			"scale": [0.7, 0.7, 0.7]
		},
		"firstperson_lefthand": {
			"translation": [-0.25, 0.5, 0],
			"scale": [0.7, 0.7, 0.7]
		},
		"ground": {
			"translation": [0, 2, 0],
			"scale": [0.5, 0.5, 0.5]
		},
		"gui": {
			"scale": [0.8, 0.8, 0.8]
		}
	},
	"groups": [
		{
			"name": "modern_fence",
			"origin": [8.5, 8, 14.5],
			"color": 0,
			"children": [0, 1, 2, 3, 4, 5]
		}
	]
}