{
	"format_version": "1.21.1",
	"credit": "Made with Blockbench",
	"render_type": "translucent",
	"textures": {
		"particle": "block/modern_opaque_crystal",
		"all": "block/modern_opaque_crystal"
	},
	"elements": [
		{
			"name": "transparent_cube",
			"from": [0, 0, 0],
			"to": [16, 16, 16],
			"rotation": {"angle": 0, "axis": "y", "origin": [8, 8, 8]},
			"faces": {
				"north": {"uv": [4, 0, 8, 4], "texture": "#all"},
				"east": {"uv": [4, 4, 8, 8], "texture": "#all"},
				"south": {"uv": [0, 0, 4, 4], "texture": "#all"},
				"west": {"uv": [0, 4, 4, 8], "texture": "#all"},
				"up": {"uv": [4, 12, 0, 8], "rotation": 180, "texture": "#all"},
				"down": {"uv": [12, 0, 8, 4], "rotation": 180, "texture": "#all"}
			}
		}
	],
	"gui_light": "front",
	"display": {
		"thirdperson_righthand": {
			"scale": [0.2, 0.2, 0.2]
		},
		"thirdperson_lefthand": {
			"scale": [0.2, 0.2, 0.2]
		},
		"firstperson_righthand": {
			"scale": [0.5, 0.5, 0.5]
		},
		"firstperson_lefthand": {
			"scale": [0.5, 0.5, 0.5]
		},
		"ground": {
			"translation": [0, 1, 0],
			"scale": [0.3, 0.3, 0.3]
		},
		"gui": {
			"rotation": [26.49, -57.37, 0.78],
			"scale": [0.5, 0.5, 0.5]
		}
	},
	"ambient_occlusion": false
}