{
	"format_version": "1.9.0",
	"credit": "Made with Blockbench",
	"parent": "polished_blackstone_button",
	"texture_size": [64, 64],
	"textures": {
		"0": "block/polished_blackstone_button",
		"particle": "block/polished_blackstone_button"
	},
	"elements": [
		{
			"from": [-5, 0, 1],
			"to": [21, 16, 2],
			"rotation": {"angle": 0, "axis": "y", "origin": [7, 7, 0]},
			"faces": {
				"north": {"uv": [0, 0, 6.5, 4], "texture": "#0"},
				"east": {"uv": [6.5, 0.5, 6.75, 4.5], "texture": "#0"},
				"south": {"uv": [0, 4, 6.5, 8], "texture": "#0"},
				"west": {"uv": [6.5, 4.5, 6.75, 8.5], "texture": "#0"},
				"up": {"uv": [13, 0.25, 6.5, 0], "texture": "#0"},
				"down": {"uv": [13, 0.25, 6.5, 0.5], "texture": "#0"}
			}
		},
		{
			"from": [6, 19, 0],
			"to": [10, 22, 2],
			"rotation": {"angle": 0, "axis": "y", "origin": [7, 19, 0]},
			"faces": {
				"north": {"uv": [6.75, 0.5, 7.75, 1.25], "texture": "#0"},
				"east": {"uv": [6.75, 3, 7.25, 3.75], "texture": "#0"},
				"south": {"uv": [6.75, 1.25, 7.75, 2], "texture": "#0"},
				"west": {"uv": [6.75, 3.75, 7.25, 4.5], "texture": "#0"},
				"up": {"uv": [7.75, 2.5, 6.75, 2], "texture": "#0"},
				"down": {"uv": [7.75, 2.5, 6.75, 3], "texture": "#0"}
			}
		},
		{
			"from": [7, 7, -1],
			"to": [9, 9, 1],
			"rotation": {"angle": 0, "axis": "y", "origin": [7, 7, -1]},
			"faces": {
				"north": {"uv": [6.75, 4.5, 7.25, 5], "texture": "#0"},
				"east": {"uv": [6.75, 5, 7.25, 5.5], "texture": "#0"},
				"south": {"uv": [6.75, 5.5, 7.25, 6], "texture": "#0"},
				"west": {"uv": [6.75, 6, 7.25, 6.5], "texture": "#0"},
				"up": {"uv": [7.25, 7, 6.75, 6.5], "texture": "#0"},
				"down": {"uv": [7.25, 7, 6.75, 7.5], "texture": "#0"}
			}
		},
		{
			"from": [7, 5, -1],
			"to": [9, 7, 0],
			"rotation": {"angle": 0, "axis": "y", "origin": [7, 5, -2]},
			"faces": {
				"north": {"uv": [7.25, 3, 7.75, 3.5], "texture": "#0"},
				"east": {"uv": [7.25, 4, 7.5, 4.5], "texture": "#0"},
				"south": {"uv": [7.25, 3.5, 7.75, 4], "texture": "#0"},
				"west": {"uv": [7.25, 4.5, 7.5, 5], "texture": "#0"},
				"up": {"uv": [7.75, 5.25, 7.25, 5], "texture": "#0"},
				"down": {"uv": [7.75, 5.25, 7.25, 5.5], "texture": "#0"}
			}
		}
	],
	"display": {},
	"groups": [
		{
			"name": "group",
			"origin": [7, 7, 0],
			"color": 0,
			"children": [0, 1, 2, 3]
		}
	]
}