{
	"format_version": "1.9.0",
	"credit": "Made with Blockbench",
	"parent": "potion",
	"textures": {
		"0": "item/potion",
		"particle": "item/potion"
	},
	"elements": [
		{
			"from": [6, 0, 6],
			"to": [9, 7, 9],
			"rotation": {"angle": 0, "axis": "z", "origin": [7.5, 0, 7.5]},
			"faces": {
				"north": {"uv": [0, 0, 3, 7], "texture": "#0"},
				"east": {"uv": [3, 0, 6, 7], "texture": "#0"},
				"south": {"uv": [6, 0, 9, 7], "texture": "#0"},
				"west": {"uv": [0, 7, 3, 14], "texture": "#0"},
				"up": {"uv": [6, 10, 3, 7], "texture": "#0"},
				"down": {"uv": [9, 7, 6, 10], "texture": "#0"}
			}
		},
		{
			"from": [6.5, 7, 6.5],
			"to": [8.5, 11, 8.5],
			"rotation": {"angle": 0, "axis": "z", "origin": [7.5, 0, 7.5]},
			"faces": {
				"north": {"uv": [9, 0, 11, 4], "texture": "#0"},
				"east": {"uv": [9, 4, 11, 8], "texture": "#0"},
				"south": {"uv": [9, 8, 11, 12], "texture": "#0"},
				"west": {"uv": [3, 10, 5, 14], "texture": "#0"},
				"up": {"uv": [7, 12, 5, 10], "texture": "#0"},
				"down": {"uv": [9, 10, 7, 12], "texture": "#0"}
			}
		},
		{
			"from": [8.5, 7, 6],
			"to": [9, 7, 9],
			"rotation": {"angle": 0, "axis": "y", "origin": [7.5, 0, 7.5]},
			"faces": {
				"north": {"uv": [0, 0, 1, 0], "texture": "#0"},
				"east": {"uv": [0, 0, 3, 0], "texture": "#0"},
				"south": {"uv": [0, 0, 1, 0], "texture": "#0"},
				"west": {"uv": [0, 0, 3, 0], "texture": "#0"},
				"up": {"uv": [12, 3, 11, 0], "texture": "#0"},
				"down": {"uv": [12, 3, 11, 6], "texture": "#0"}
			}
		},
		{
			"from": [6, 7, 6],
			"to": [6.5, 7, 9],
			"rotation": {"angle": 0, "axis": "y", "origin": [7.5, 0, 7.5]},
			"faces": {
				"north": {"uv": [0, 0, 1, 0], "texture": "#0"},
				"east": {"uv": [0, 0, 3, 0], "texture": "#0"},
				"south": {"uv": [0, 0, 1, 0], "texture": "#0"},
				"west": {"uv": [0, 0, 3, 0], "texture": "#0"},
				"up": {"uv": [12, 9, 11, 6], "texture": "#0"},
				"down": {"uv": [12, 9, 11, 12], "texture": "#0"}
			}
		},
		{
			"from": [6.5, 7, 8.5],
			"to": [8.5, 7, 9],
			"rotation": {"angle": 0, "axis": "y", "origin": [7.5, 0, 7.5]},
			"faces": {
				"north": {"uv": [0, 0, 2, 0], "texture": "#0"},
				"east": {"uv": [0, 0, 1, 0], "texture": "#0"},
				"south": {"uv": [0, 0, 2, 0], "texture": "#0"},
				"west": {"uv": [0, 0, 1, 0], "texture": "#0"},
				"up": {"uv": [14, 1, 12, 0], "texture": "#0"},
				"down": {"uv": [14, 1, 12, 2], "texture": "#0"}
			}
		},
		{
			"from": [6.5, 7, 6],
			"to": [8.5, 7, 6.5],
			"rotation": {"angle": 0, "axis": "y", "origin": [7.5, 0, 7.5]},
			"faces": {
				"north": {"uv": [0, 0, 2, 0], "texture": "#0"},
				"east": {"uv": [0, 0, 1, 0], "texture": "#0"},
				"south": {"uv": [0, 0, 2, 0], "texture": "#0"},
				"west": {"uv": [0, 0, 1, 0], "texture": "#0"},
				"up": {"uv": [14, 3, 12, 2], "texture": "#0"},
				"down": {"uv": [14, 3, 12, 4], "texture": "#0"}
			}
		}
	],
	"display": {
		"thirdperson_righthand": {
			"translation": [0.5, 5, 2.5]
		},
		"thirdperson_lefthand": {
			"translation": [-0.5, 5, 2.5]
		},
		"firstperson_righthand": {
			"rotation": [-6.76, 5.79, -1.34],
			"translation": [-1.5, 5.75, 1.75]
		},
		"firstperson_lefthand": {
			"rotation": [-6.76, 5.79, -1.34],
			"translation": [-1.5, 5.75, 1.75]
		},
		"ground": {
			"translation": [0.5, 4.25, 1]
		},
		"gui": {
			"translation": [0.5, 2.5, 0]
		},
		"head": {
			"translation": [0.5, 14.25, 0.5]
		},
		"fixed": {
			"translation": [0.5, 2, 0]
		}
	},
	"groups": [
		{
			"name": "bottle",
			"origin": [7, 0, 7],
			"color": 0,
			"children": [0, 1, 2, 3, 4, 5]
		}
	]
}