{
	"format_version": "1.9.0",
	"credit": "Made with Blockbench",
	"parent": "crossbow",
	"texture_size": [32, 32],
	"textures": {
		"0": "item/crossbow",
		"particle": "item/crossbow"
	},
	"elements": [
		{
			"from": [8.65, 7, 2],
			"to": [8.75, 7.425, 2.1],
			"rotation": {"angle": 0, "axis": "y", "origin": [8.5, 6.00287, 7.74375]},
			"faces": {
				"north": {"uv": [7.5, 0.5, 7.54688, 0.71875], "texture": "#0"},
				"east": {"uv": [1, 7.5, 1.04688, 7.71875], "texture": "#0"},
				"south": {"uv": [7.5, 1, 7.54688, 1.21875], "texture": "#0"},
				"west": {"uv": [1.5, 7.5, 1.54688, 7.71875], "texture": "#0"},
				"up": {"uv": [0.54688, 8.04688, 0.5, 8], "texture": "#0"},
				"down": {"uv": [8.04688, 0.5, 8, 0.54688], "texture": "#0"}
			}
		},
		{
			"from": [8.25, 7, 2],
			"to": [8.35, 7.425, 2.1],
			"rotation": {"angle": 0, "axis": "y", "origin": [8.5, 6.00287, 7.74375]},
			"faces": {
				"north": {"uv": [7.5, 1.5, 7.54688, 1.71875], "texture": "#0"},
				"east": {"uv": [2, 7.5, 2.04688, 7.71875], "texture": "#0"},
				"south": {"uv": [7.5, 2, 7.54688, 2.21875], "texture": "#0"},
				"west": {"uv": [2.5, 7.5, 2.54688, 7.71875], "texture": "#0"},
				"up": {"uv": [1.04688, 8.04688, 1, 8], "texture": "#0"},
				"down": {"uv": [8.04688, 1, 8, 1.04688], "texture": "#0"}
			}
		},
		{
			"from": [8.325, 7.325, 2],
			"to": [8.75, 7.425, 2.1],
			"rotation": {"angle": 0, "axis": "y", "origin": [8.5, 6.00287, 7.74375]},
			"faces": {
				"north": {"uv": [7.5, 2.5, 7.71875, 2.54688], "texture": "#0"},
				"east": {"uv": [1.5, 8, 1.54688, 8.04688], "texture": "#0"},
				"south": {"uv": [3, 7.5, 3.21875, 7.54688], "texture": "#0"},
				"west": {"uv": [8, 1.5, 8.04688, 1.54688], "texture": "#0"},
				"up": {"uv": [7.71875, 3.04688, 7.5, 3], "texture": "#0"},
				"down": {"uv": [3.71875, 7.5, 3.5, 7.54688], "texture": "#0"}
			}
		},
		{
			"from": [8.72267, 6.22554, 1.375],
			"to": [8.97267, 6.47554, 2],
			"rotation": {"angle": 45, "axis": "z", "origin": [8.5, 6.00287, 7.74375]},
			"faces": {
				"north": {"uv": [7, 7, 7.125, 7.125], "texture": "#0"},
				"east": {"uv": [7, 2, 7.3125, 2.125], "texture": "#0"},
				"south": {"uv": [0, 7.5, 0.125, 7.625], "texture": "#0"},
				"west": {"uv": [2.5, 7, 2.8125, 7.125], "texture": "#0"},
				"up": {"uv": [7.125, 2.8125, 7, 2.5], "texture": "#0"},
				"down": {"uv": [3.125, 7, 3, 7.3125], "texture": "#0"}
			}
		},
		{
			"from": [8.25, 6, 10],
			"to": [8.75, 7, 15],
			"rotation": {"angle": 0, "axis": "y", "origin": [8.5, 6.00287, 7.74375]},
			"faces": {
				"north": {"uv": [5, 6, 5.25, 6.5], "texture": "#0"},
				"east": {"uv": [0, 0, 2.5, 0.5], "texture": "#0"},
				"south": {"uv": [6, 5, 6.25, 5.5], "texture": "#0"},
				"west": {"uv": [0, 0.5, 2.5, 1], "texture": "#0"},
				"up": {"uv": [2.75, 4.5, 2.5, 2], "texture": "#0"},
				"down": {"uv": [1.25, 3, 1, 5.5], "texture": "#0"}
			}
		},
		{
			"from": [8.25, 5.025, 12.6],
			"to": [8.75, 6.025, 15],
			"rotation": {"angle": 0, "axis": "y", "origin": [8.5, 6.00287, 7.74375]},
			"faces": {
				"north": {"uv": [5.5, 6, 5.75, 6.5], "texture": "#0"},
				"east": {"uv": [3, 2, 4.20313, 2.5], "texture": "#0"},
				"south": {"uv": [6, 5.5, 6.25, 6], "texture": "#0"},
				"west": {"uv": [3, 2.5, 4.20313, 3], "texture": "#0"},
				"up": {"uv": [2.75, 5.70313, 2.5, 4.5], "texture": "#0"},
				"down": {"uv": [4.75, 4, 4.5, 5.20313], "texture": "#0"}
			}
		},
		{
			"from": [8.25, 6.86248, 9.81958],
			"to": [8.75, 7.86248, 14.81958],
			"rotation": {"angle": 22.5, "axis": "x", "origin": [8.5, 6.00287, 7.74375]},
			"faces": {
				"north": {"uv": [6, 6, 6.25, 6.5], "texture": "#0"},
				"east": {"uv": [0, 1, 2.5, 1.5], "texture": "#0"},
				"south": {"uv": [6.5, 0, 6.75, 0.5], "texture": "#0"},
				"west": {"uv": [0, 1.5, 2.5, 2], "texture": "#0"},
				"up": {"uv": [1.75, 5.5, 1.5, 3], "texture": "#0"},
				"down": {"uv": [2.25, 3, 2, 5.5], "texture": "#0"}
			}
		},
		{
			"from": [8.25, 4.92081, 9.72009],
			"to": [8.75, 5.17081, 11.22009],
			"rotation": {"angle": -22.5, "axis": "x", "origin": [8.5, 6.00287, 7.74375]},
			"faces": {
				"north": {"uv": [7, 3, 7.25, 3.125], "texture": "#0"},
				"east": {"uv": [6.5, 4.5, 7.25, 4.625], "texture": "#0"},
				"south": {"uv": [3.5, 7, 3.75, 7.125], "texture": "#0"},
				"west": {"uv": [5, 6.5, 5.75, 6.625], "texture": "#0"},
				"up": {"uv": [4.25, 6.25, 4, 5.5], "texture": "#0"},
				"down": {"uv": [5.75, 4, 5.5, 4.75], "texture": "#0"}
			}
		},
		{
			"from": [8.25, 5.75, 7],
			"to": [8.75, 7, 10],
			"rotation": {"angle": 0, "axis": "y", "origin": [8.5, 6.00287, 7.74375]},
			"faces": {
				"north": {"uv": [6, 1, 6.25, 1.625], "texture": "#0"},
				"east": {"uv": [1, 2, 2.5, 2.625], "texture": "#0"},
				"south": {"uv": [2.5, 6, 2.75, 6.625], "texture": "#0"},
				"west": {"uv": [2.5, 0, 4, 0.625], "texture": "#0"},
				"up": {"uv": [4.25, 5.5, 4, 4], "texture": "#0"},
				"down": {"uv": [0.25, 4.5, 0, 6], "texture": "#0"}
			}
		},
		{
			"from": [8, 6.1, 5],
			"to": [9, 6.75, 10],
			"rotation": {"angle": 0, "axis": "y", "origin": [8.5, 6.00287, 7.74375]},
			"faces": {
				"north": {"uv": [0.5, 6, 1, 6.32813], "texture": "#0"},
				"east": {"uv": [2.5, 1, 5, 1.32813], "texture": "#0"},
				"south": {"uv": [1, 6, 1.5, 6.32813], "texture": "#0"},
				"west": {"uv": [2.5, 1.5, 5, 1.82813], "texture": "#0"},
				"up": {"uv": [0.5, 4.5, 0, 2], "texture": "#0"},
				"down": {"uv": [1, 2, 0.5, 4.5], "texture": "#0"}
			}
		},
		{
			"from": [8.325, 3.72232, 6.99933],
			"to": [8.675, 5.72232, 7.74933],
			"rotation": {"angle": -22.5, "axis": "x", "origin": [8.5, 6.00287, 7.74375]},
			"faces": {
				"north": {"uv": [0, 6, 0.17188, 7], "texture": "#0"},
				"east": {"uv": [0.5, 4.5, 0.875, 5.5], "texture": "#0"},
				"south": {"uv": [6, 0, 6.17188, 1], "texture": "#0"},
				"west": {"uv": [4.5, 2, 4.875, 3], "texture": "#0"},
				"up": {"uv": [7.17188, 0.375, 7, 0], "texture": "#0"},
				"down": {"uv": [0.67188, 7, 0.5, 7.375], "texture": "#0"}
			}
		},
		{
			"from": [8.425, 4.90151, 6.81802],
			"to": [8.575, 4.95151, 7.24302],
			"rotation": {"angle": -22.5, "axis": "x", "origin": [8.5, 6.00287, 7.74375]},
			"faces": {
				"north": {"uv": [7.5, 6.5, 7.57813, 6.53125], "texture": "#0"},
				"east": {"uv": [7.5, 4, 7.71875, 4.03125], "texture": "#0"},
				"south": {"uv": [7, 7.5, 7.07813, 7.53125], "texture": "#0"},
				"west": {"uv": [4.5, 7.5, 4.71875, 7.53125], "texture": "#0"},
				"up": {"uv": [6.57813, 7.21875, 6.5, 7], "texture": "#0"},
				"down": {"uv": [7.07813, 6.5, 7, 6.71875], "texture": "#0"}
			}
		},
		{
			"from": [8.425, 4.635, 6.671],
			"to": [8.575, 4.685, 7.321],
			"rotation": {"angle": 0, "axis": "y", "origin": [8.5, 6.00287, 7.74375]},
			"faces": {
				"north": {"uv": [7.5, 7, 7.57813, 7.03125], "texture": "#0"},
				"east": {"uv": [7.5, 3.5, 7.82813, 3.53125], "texture": "#0"},
				"south": {"uv": [7.5, 7.5, 7.57813, 7.53125], "texture": "#0"},
				"west": {"uv": [4, 7.5, 4.32813, 7.53125], "texture": "#0"},
				"up": {"uv": [6.07813, 7.32813, 6, 7], "texture": "#0"},
				"down": {"uv": [7.07813, 6, 7, 6.32813], "texture": "#0"}
			}
		},
		{
			"from": [8.425, 5.14673, 6.23855],
			"to": [8.575, 5.84673, 6.28855],
			"rotation": {"angle": -22.5, "axis": "x", "origin": [8.5, 6.00287, 7.74375]},
			"faces": {
				"north": {"uv": [5.5, 7, 5.57813, 7.34375], "texture": "#0"},
				"east": {"uv": [7.5, 0, 7.53125, 0.34375], "texture": "#0"},
				"south": {"uv": [7, 5.5, 7.07813, 5.84375], "texture": "#0"},
				"west": {"uv": [0.5, 7.5, 0.53125, 7.84375], "texture": "#0"},
				"up": {"uv": [0.07813, 8.03125, 0, 8], "texture": "#0"},
				"down": {"uv": [8.07813, 0, 8, 0.03125], "texture": "#0"}
			}
		},
		{
			"from": [8.475, 5.47082, 6.72358],
			"to": [8.525, 5.74582, 6.82358],
			"rotation": {"angle": -22.5, "axis": "x", "origin": [8.5, 6.00287, 7.74375]},
			"faces": {
				"north": {"uv": [7.5, 5.5, 7.53125, 5.64063], "texture": "#0"},
				"east": {"uv": [7.5, 4.5, 7.54688, 4.64063], "texture": "#0"},
				"south": {"uv": [6, 7.5, 6.03125, 7.64063], "texture": "#0"},
				"west": {"uv": [5, 7.5, 5.04688, 7.64063], "texture": "#0"},
				"up": {"uv": [2.03125, 8.04688, 2, 8], "texture": "#0"},
				"down": {"uv": [8.03125, 2, 8, 2.04688], "texture": "#0"}
			}
		},
		{
			"from": [8.475, 4.69906, 7.37012],
			"to": [8.525, 4.97406, 7.47012],
			"rotation": {"angle": 22.5, "axis": "x", "origin": [8.5, 6.00287, 7.74375]},
			"faces": {
				"north": {"uv": [7.5, 6, 7.53125, 6.14063], "texture": "#0"},
				"east": {"uv": [7.5, 5, 7.54688, 5.14063], "texture": "#0"},
				"south": {"uv": [6.5, 7.5, 6.53125, 7.64063], "texture": "#0"},
				"west": {"uv": [5.5, 7.5, 5.54688, 7.64063], "texture": "#0"},
				"up": {"uv": [2.53125, 8.04688, 2.5, 8], "texture": "#0"},
				"down": {"uv": [8.03125, 2.5, 8, 2.54688], "texture": "#0"}
			}
		},
		{
			"from": [8.25, 5.46609, 7.11249],
			"to": [8.75, 6.14109, 8.51249],
			"rotation": {"angle": -22.5, "axis": "x", "origin": [8.5, 6.00287, 7.74375]},
			"faces": {
				"north": {"uv": [6, 6.5, 6.25, 6.84375], "texture": "#0"},
				"east": {"uv": [5.5, 2, 6.20313, 2.34375], "texture": "#0"},
				"south": {"uv": [6.5, 6, 6.75, 6.34375], "texture": "#0"},
				"west": {"uv": [5.5, 2.5, 6.20313, 2.84375], "texture": "#0"},
				"up": {"uv": [4.75, 6.20313, 4.5, 5.5], "texture": "#0"},
				"down": {"uv": [5.75, 5, 5.5, 5.70313], "texture": "#0"}
			}
		},
		{
			"from": [8.25, 5.40059, 7.10766],
			"to": [8.75, 5.65059, 7.90766],
			"rotation": {"angle": -45, "axis": "x", "origin": [8.5, 6.00287, 7.74375]},
			"faces": {
				"north": {"uv": [7, 3.5, 7.25, 3.625], "texture": "#0"},
				"east": {"uv": [7, 1, 7.40625, 1.125], "texture": "#0"},
				"south": {"uv": [4, 7, 4.25, 7.125], "texture": "#0"},
				"west": {"uv": [1.5, 7, 1.90625, 7.125], "texture": "#0"},
				"up": {"uv": [6.75, 4.40625, 6.5, 4], "texture": "#0"},
				"down": {"uv": [4.75, 6.5, 4.5, 6.90625], "texture": "#0"}
			}
		},
		{
			"from": [8.25, 5.30028, 7.93249],
			"to": [8.75, 5.77528, 8.18249],
			"rotation": {"angle": 22.5, "axis": "x", "origin": [8.5, 6.00287, 7.74375]},
			"faces": {
				"north": {"uv": [7, 0.5, 7.25, 0.73438], "texture": "#0"},
				"east": {"uv": [5, 7, 5.125, 7.23438], "texture": "#0"},
				"south": {"uv": [1, 7, 1.25, 7.23438], "texture": "#0"},
				"west": {"uv": [7, 5, 7.125, 5.23438], "texture": "#0"},
				"up": {"uv": [7.25, 4.125, 7, 4], "texture": "#0"},
				"down": {"uv": [4.75, 7, 4.5, 7.125], "texture": "#0"}
			}
		},
		{
			"from": [8.25, 5.25, 5.525],
			"to": [8.75, 6.125, 7.825],
			"rotation": {"angle": 0, "axis": "y", "origin": [8.5, 6.00287, 7.74375]},
			"faces": {
				"north": {"uv": [6.5, 3.5, 6.75, 3.9375], "texture": "#0"},
				"east": {"uv": [3, 3, 4.15625, 3.4375], "texture": "#0"},
				"south": {"uv": [4, 6.5, 4.25, 6.9375], "texture": "#0"},
				"west": {"uv": [3, 3.5, 4.15625, 3.9375], "texture": "#0"},
				"up": {"uv": [5.25, 1.15625, 5, 0], "texture": "#0"},
				"down": {"uv": [5.25, 1.5, 5, 2.65625], "texture": "#0"}
			}
		},
		{
			"from": [8.35, 2.28735, 5.56716],
			"to": [8.65, 5.16235, 6.09216],
			"rotation": {"angle": 22.5, "axis": "x", "origin": [8.5, 6.00287, 7.74375]},
			"faces": {
				"north": {"uv": [2, 5.5, 2.15625, 6.9375], "texture": "#0"},
				"east": {"uv": [3, 4, 3.26563, 5.4375], "texture": "#0"},
				"south": {"uv": [3, 5.5, 3.15625, 6.9375], "texture": "#0"},
				"west": {"uv": [3.5, 4, 3.76563, 5.4375], "texture": "#0"},
				"up": {"uv": [7.15625, 1.76563, 7, 1.5], "texture": "#0"},
				"down": {"uv": [2.15625, 7, 2, 7.26563], "texture": "#0"}
			}
		},
		{
			"from": [8.275, 3.78735, 5.51716],
			"to": [8.7, 5.16235, 6.14216],
			"rotation": {"angle": 22.5, "axis": "x", "origin": [8.5, 6.00287, 7.74375]},
			"faces": {
				"north": {"uv": [6, 3, 6.21875, 3.6875], "texture": "#0"},
				"east": {"uv": [5.5, 3, 5.8125, 3.6875], "texture": "#0"},
				"south": {"uv": [6, 4, 6.21875, 4.6875], "texture": "#0"},
				"west": {"uv": [3.5, 5.5, 3.8125, 6.1875], "texture": "#0"},
				"up": {"uv": [6.71875, 6.8125, 6.5, 6.5], "texture": "#0"},
				"down": {"uv": [0.21875, 7, 0, 7.3125], "texture": "#0"}
			}
		},
		{
			"from": [8.25, 6, 5],
			"to": [8.75, 7, 7],
			"rotation": {"angle": 0, "axis": "y", "origin": [8.5, 6.00287, 7.74375]},
			"faces": {
				"north": {"uv": [0.5, 6.5, 0.75, 7], "texture": "#0"},
				"east": {"uv": [4, 0, 5, 0.5], "texture": "#0"},
				"south": {"uv": [6.5, 0.5, 6.75, 1], "texture": "#0"},
				"west": {"uv": [4, 0.5, 5, 1], "texture": "#0"},
				"up": {"uv": [5.25, 5, 5, 4], "texture": "#0"},
				"down": {"uv": [5.25, 5, 5, 6], "texture": "#0"}
			}
		},
		{
			"from": [8.25, 4.86784, 4.82308],
			"to": [8.75, 5.86784, 5.82308],
			"rotation": {"angle": 22.5, "axis": "x", "origin": [8.5, 6.00287, 7.74375]},
			"faces": {
				"north": {"uv": [1, 6.5, 1.25, 7], "texture": "#0"},
				"east": {"uv": [5.5, 0, 6, 0.5], "texture": "#0"},
				"south": {"uv": [6.5, 1, 6.75, 1.5], "texture": "#0"},
				"west": {"uv": [0.5, 5.5, 1, 6], "texture": "#0"},
				"up": {"uv": [1.75, 7, 1.5, 6.5], "texture": "#0"},
				"down": {"uv": [6.75, 1.5, 6.5, 2], "texture": "#0"}
			}
		},
		{
			"from": [8.25, 6, 4],
			"to": [8.75, 7, 5],
			"rotation": {"angle": 0, "axis": "y", "origin": [8.5, 6.00287, 7.74375]},
			"faces": {
				"north": {"uv": [6.5, 2, 6.75, 2.5], "texture": "#0"},
				"east": {"uv": [5.5, 0.5, 6, 1], "texture": "#0"},
				"south": {"uv": [6.5, 2.5, 6.75, 3], "texture": "#0"},
				"west": {"uv": [1, 5.5, 1.5, 6], "texture": "#0"},
				"up": {"uv": [6.75, 3.5, 6.5, 3], "texture": "#0"},
				"down": {"uv": [3.75, 6.5, 3.5, 7], "texture": "#0"}
			}
		},
		{
			"from": [8.25, 6.25, 2],
			"to": [8.75, 7, 4],
			"rotation": {"angle": 0, "axis": "y", "origin": [8.5, 6.00287, 7.74375]},
			"faces": {
				"north": {"uv": [6.5, 5, 6.75, 5.375], "texture": "#0"},
				"east": {"uv": [4.5, 3, 5.5, 3.375], "texture": "#0"},
				"south": {"uv": [6.5, 5.5, 6.75, 5.875], "texture": "#0"},
				"west": {"uv": [4.5, 3.5, 5.5, 3.875], "texture": "#0"},
				"up": {"uv": [5.75, 2, 5.5, 1], "texture": "#0"},
				"down": {"uv": [1.75, 5.5, 1.5, 6.5], "texture": "#0"}
			}
		}
	],
	"display": {
		"thirdperson_righthand": {
			"translation": [-0.75, 5, 2.25],
			"scale": [1.75, 1.75, 1.75]
		},
		"thirdperson_lefthand": {
			"translation": [0.75, 5, 2.25],
			"scale": [1.75, 1.75, 1.75]
		},
		"firstperson_righthand": {
			"translation": [-1.5, 6, 4.5]
		},
		"firstperson_lefthand": {
			"translation": [-1.5, 6, 4.5]
		},
		"gui": {
			"rotation": [-82, -128, -77],
			"translation": [-0.5, 2.25, 0],
			"scale": [1.3, 1.3, 1.3]
		},
		"head": {
			"rotation": [0, -30, 90],
			"translation": [-4, 6.25, -2],
			"scale": [2, 2, 2]
		},
		"fixed": {
			"rotation": [90, 55, -90],
			"translation": [0, 2.25, 0],
			"scale": [1.3, 1.3, 1.3]
		}
	},
	"groups": [
		{
			"name": "AKA-maniu",
			"origin": [7, 5, 8],
			"color": 0,
			"children": [0, 1, 2, 3, 4, 5, 6, 7, 8, 9, 10, 11, 12, 13, 14, 15, 16, 17, 18, 19, 20, 21, 22, 23, 24, 25]
		}
	]
}