{
	"format_version": "1.9.0",
	"credit": "Made with Blockbench",
	"parent": "diamond_sword",
	"textures": {
		"0": "item/diamond_sword",
		"particle": "item/diamond_sword"
	},
	"elements": [
		{
			"name": "cube 1",
			"from": [7, 0, 7],
			"to": [9, 5, 9],
			"rotation": {"angle": 0, "axis": "z", "origin": [8, 0, 8]},
			"faces": {
				"north": {"uv": [0, 6, 2, 11], "texture": "#0"},
				"east": {"uv": [6, 0, 8, 5], "texture": "#0"},
				"south": {"uv": [2, 6, 4, 11], "texture": "#0"},
				"west": {"uv": [4, 6, 6, 11], "texture": "#0"},
				"up": {"uv": [10, 2, 8, 0], "texture": "#0"},
				"down": {"uv": [10, 2, 8, 4], "texture": "#0"}
			}
		},
		{
			"name": "cube 3",
			"from": [5, 4, 7],
			"to": [7, 5, 9],
			"rotation": {"angle": 0, "axis": "z", "origin": [8, 0, 8]},
			"faces": {
				"north": {"uv": [10, 8, 12, 9], "texture": "#0"},
				"east": {"uv": [9, 10, 11, 11], "texture": "#0"},
				"south": {"uv": [10, 9, 12, 10], "texture": "#0"},
				"west": {"uv": [0, 11, 2, 12], "texture": "#0"},
				"up": {"uv": [10, 6, 8, 4], "texture": "#0"},
				"down": {"uv": [10, 6, 8, 8], "texture": "#0"}
			}
		},
		{
			"name": "cube 4",
			"from": [9, 4, 7],
			"to": [11, 5, 9],
			"rotation": {"angle": 0, "axis": "z", "origin": [8, 0, 8]},
			"faces": {
				"north": {"uv": [2, 11, 4, 12], "texture": "#0"},
				"east": {"uv": [4, 11, 6, 12], "texture": "#0"},
				"south": {"uv": [6, 11, 8, 12], "texture": "#0"},
				"west": {"uv": [11, 6, 13, 7], "texture": "#0"},
				"up": {"uv": [10, 10, 8, 8], "texture": "#0"},
				"down": {"uv": [12, 0, 10, 2], "texture": "#0"}
			}
		},
		{
			"name": "cube 5",
			"from": [9, 3, 7],
			"to": [10, 4, 9],
			"rotation": {"angle": 0, "axis": "z", "origin": [8, 0, 8]},
			"faces": {
				"north": {"uv": [5, 12, 6, 13], "texture": "#0"},
				"east": {"uv": [11, 7, 13, 8], "texture": "#0"},
				"south": {"uv": [12, 5, 13, 6], "texture": "#0"},
				"west": {"uv": [9, 11, 11, 12], "texture": "#0"},
				"up": {"uv": [12, 12, 11, 10], "texture": "#0"},
				"down": {"uv": [1, 12, 0, 14], "texture": "#0"}
			}
		},
		{
			"name": "cube 6",
			"from": [6, 3, 7],
			"to": [7, 4, 9],
			"rotation": {"angle": 0, "axis": "z", "origin": [8, 0, 8]},
			"faces": {
				"north": {"uv": [4, 12, 5, 13], "texture": "#0"},
				"east": {"uv": [10, 4, 12, 5], "texture": "#0"},
				"south": {"uv": [12, 4, 13, 5], "texture": "#0"},
				"west": {"uv": [10, 5, 12, 6], "texture": "#0"},
				"up": {"uv": [11, 8, 10, 6], "texture": "#0"},
				"down": {"uv": [9, 10, 8, 12], "texture": "#0"}
			}
		},
		{
			"name": "cube 7",
			"from": [6.5, 5, 7.5],
			"to": [9.5, 11, 8.5],
			"rotation": {"angle": 0, "axis": "z", "origin": [8, 0, 8]},
			"faces": {
				"north": {"uv": [0, 0, 3, 6], "texture": "#0"},
				"east": {"uv": [6, 5, 7, 11], "texture": "#0"},
				"south": {"uv": [3, 0, 6, 6], "texture": "#0"},
				"west": {"uv": [7, 5, 8, 11], "texture": "#0"},
				"up": {"uv": [13, 3, 10, 2], "texture": "#0"},
				"down": {"uv": [13, 3, 10, 4], "texture": "#0"}
			}
		},
		{
			"name": "cube 8",
			"from": [7.5, 11, 7.5],
			"to": [8.5, 13, 8.5],
			"rotation": {"angle": 0, "axis": "z", "origin": [8, 0, 8]},
			"faces": {
				"north": {"uv": [12, 0, 13, 2], "texture": "#0"},
				"east": {"uv": [1, 12, 2, 14], "texture": "#0"},
				"south": {"uv": [2, 12, 3, 14], "texture": "#0"},
				"west": {"uv": [3, 12, 4, 14], "texture": "#0"},
				"up": {"uv": [7, 13, 6, 12], "texture": "#0"},
				"down": {"uv": [8, 12, 7, 13], "texture": "#0"}
			}
		},
		{
			"name": "cube 9",
			"from": [7, 11, 7.5],
			"to": [7.5, 12, 8.5],
			"rotation": {"angle": 0, "axis": "z", "origin": [8, 0, 8]},
			"faces": {
				"north": {"uv": [8, 12, 9, 13], "texture": "#0"},
				"east": {"uv": [12, 8, 13, 9], "texture": "#0"},
				"south": {"uv": [9, 12, 10, 13], "texture": "#0"},
				"west": {"uv": [12, 9, 13, 10], "texture": "#0"},
				"up": {"uv": [11, 13, 10, 12], "texture": "#0"},
				"down": {"uv": [13, 10, 12, 11], "texture": "#0"}
			}
		},
		{
			"name": "cube 10",
			"from": [8.5, 11, 7.5],
			"to": [9, 12, 8.5],
			"rotation": {"angle": 0, "axis": "z", "origin": [8, 0, 8]},
			"faces": {
				"north": {"uv": [11, 12, 12, 13], "texture": "#0"},
				"east": {"uv": [12, 11, 13, 12], "texture": "#0"},
				"south": {"uv": [12, 12, 13, 13], "texture": "#0"},
				"west": {"uv": [13, 0, 14, 1], "texture": "#0"},
				"up": {"uv": [14, 2, 13, 1], "texture": "#0"},
				"down": {"uv": [14, 2, 13, 3], "texture": "#0"}
			}
		}
	],
	"display": {
		"thirdperson_righthand": {
			"rotation": [0, -90, 0],
			"translation": [0, 6, 2]
		},
		"thirdperson_lefthand": {
			"rotation": [0, -90, 0],
			"translation": [0, 6, 2]
		},
		"firstperson_righthand": {
			"rotation": [0, -90, 0],
			"translation": [0, 5, 0]
		},
		"firstperson_lefthand": {
			"rotation": [0, -90, 0],
			"translation": [0, 5, 0]
		},
		"ground": {
			"rotation": [0, 0, -180],
			"translation": [0, 1.25, 0.5]
		},
		"head": {
			"translation": [0, 14, 0]
		}
	},
	"groups": [
		{
			"name": "knife",
			"origin": [8, 8, 8],
			"color": 0,
			"children": [0, 1, 2, 3, 4, 5, 6, 7, 8]
		}
	]
}