{
	"format_version": "1.9.0",
	"credit": "Made with Blockbench",
	"parent": "iron_sword",
	"textures": {
		"0": "item/iron_sword",
		"particle": "item/iron_sword"
	},
	"elements": [
		{
			"from": [6, 4, 6],
			"to": [9, 7, 9],
			"rotation": {"angle": 0, "axis": "z", "origin": [7.5, 0, 7.5]},
			"faces": {
				"north": {"uv": [0, 0, 3, 3], "texture": "#0"},
				"east": {"uv": [0, 3, 3, 6], "texture": "#0"},
				"south": {"uv": [3, 0, 6, 3], "texture": "#0"},
				"west": {"uv": [3, 3, 6, 6], "texture": "#0"},
				"up": {"uv": [3, 9, 0, 6], "texture": "#0"},
				"down": {"uv": [9, 0, 6, 3], "texture": "#0"}
			}
		},
		{
			"from": [6.5, 0, 6.5],
			"to": [8.5, 4, 8.5],
			"rotation": {"angle": 0, "axis": "z", "origin": [7.5, 0, 7.5]},
			"faces": {
				"north": {"uv": [3, 6, 5, 10], "texture": "#0"},
				"east": {"uv": [6, 3, 8, 7], "texture": "#0"},
				"south": {"uv": [5, 7, 7, 11], "texture": "#0"},
				"west": {"uv": [7, 7, 9, 11], "texture": "#0"},
				"up": {"uv": [10, 5, 8, 3], "texture": "#0"},
				"down": {"uv": [10, 5, 8, 7], "texture": "#0"}
			}
		},
		{
			"from": [6, 4, 6],
			"to": [6.5, 4, 9],
			"rotation": {"angle": 0, "axis": "z", "origin": [7.5, 0, 7.5]},
			"faces": {
				"north": {"uv": [0, 0, 1, 0], "texture": "#0"},
				"east": {"uv": [0, 0, 3, 0], "texture": "#0"},
				"south": {"uv": [0, 0, 1, 0], "texture": "#0"},
				"west": {"uv": [0, 0, 3, 0], "texture": "#0"},
				"up": {"uv": [1, 12, 0, 9], "texture": "#0"},
				"down": {"uv": [10, 0, 9, 3], "texture": "#0"}
			}
		},
		{
			"from": [8.5, 4, 6],
			"to": [9, 4, 9],
			"rotation": {"angle": 0, "axis": "z", "origin": [7.5, 0, 7.5]},
			"faces": {
				"north": {"uv": [0, 0, 1, 0], "texture": "#0"},
				"east": {"uv": [0, 0, 3, 0], "texture": "#0"},
				"south": {"uv": [0, 0, 1, 0], "texture": "#0"},
				"west": {"uv": [0, 0, 3, 0], "texture": "#0"},
				"up": {"uv": [2, 12, 1, 9], "texture": "#0"},
				"down": {"uv": [3, 9, 2, 12], "texture": "#0"}
			}
		},
		{
			"from": [6.5, 4, 8.5],
			"to": [8.5, 4, 9],
			"rotation": {"angle": 0, "axis": "z", "origin": [7.5, 0, 7.5]},
			"faces": {
				"north": {"uv": [0, 0, 2, 0], "texture": "#0"},
				"east": {"uv": [0, 0, 1, 0], "texture": "#0"},
				"south": {"uv": [0, 0, 2, 0], "texture": "#0"},
				"west": {"uv": [0, 0, 1, 0], "texture": "#0"},
				"up": {"uv": [11, 8, 9, 7], "texture": "#0"},
				"down": {"uv": [11, 8, 9, 9], "texture": "#0"}
			}
		},
		{
			"from": [6.5, 4, 6],
			"to": [8.5, 4, 6.5],
			"rotation": {"angle": 0, "axis": "z", "origin": [7.5, 0, 7.5]},
			"faces": {
				"north": {"uv": [0, 0, 2, 0], "texture": "#0"},
				"east": {"uv": [0, 0, 1, 0], "texture": "#0"},
				"south": {"uv": [0, 0, 2, 0], "texture": "#0"},
				"west": {"uv": [0, 0, 1, 0], "texture": "#0"},
				"up": {"uv": [11, 10, 9, 9], "texture": "#0"},
				"down": {"uv": [12, 0, 10, 1], "texture": "#0"}
			}
		}
	],
	"display": {
		"thirdperson_righthand": {
			"translation": [0.5, 7, 2]
		},
		"thirdperson_lefthand": {
			"translation": [0.5, 7, 2]
		},
		"firstperson_righthand": {
			"translation": [-3.75, 9, 4.5]
		},
		"firstperson_lefthand": {
			"translation": [-3.75, 9, 4.5]
		},
		"ground": {
			"translation": [0, 4.25, 0.5]
		},
		"gui": {
			"translation": [0.5, 3, 0]
		},
		"head": {
			"translation": [0.5, 14.25, 0.5]
		},
		"fixed": {
			"translation": [0, 3, 0]
		}
	},
	"groups": [
		{
			"name": "broken_bottle",
			"origin": [7, 0, 7],
			"color": 0,
			"children": [0, 1, 2, 3, 4, 5]
		}
	]
}